id,restaurant,campus_location,category,item_name,serving,price_usd,calories,campus_listed_calories,protein_g,carbs_g,fat_g,meal_component,campus_menu_verified,price_source,nutrition_source,collected_on,notes
taco-bell--beefy-5-layer-burrito,Taco Bell,Poly Canyon Village,Burritos,Beefy 5-Layer Burrito,1 burrito,4.99,490,500,17,65,18,,yes,"Grubhub campus ordering app (Cal Poly), screenshots 2026-10-05",tacobell.com item nutrition labels + official Taco Bell Nutrition Calculator (updated 2026-10-05),2026-10-05,
taco-bell--burrito-supreme-steak,Taco Bell,Poly Canyon Village,Burritos,Burrito Supreme (Steak),1 burrito,,380,390,19,50,12,,yes,,tacobell.com item nutrition labels + official Taco Bell Nutrition Calculator (updated 2026-10-05),2026-10-05,"Campus menu lists steak version, 390 cal; macros from TB calculator with steak swapped for beef"
taco-bell--cheesy-bean-and-rice-burrito,Taco Bell,Poly Canyon Village,Burritos,Cheesy Bean and Rice Burrito,1 burrito,1.79,400,480,9,56,16,,yes,"Grubhub campus ordering app (Cal Poly), screenshots 2026-10-05",tacobell.com item nutrition labels + official Taco Bell Nutrition Calculator (updated 2026-10-05),2026-10-05,recheck
taco-bell--bean-burrito,Taco Bell,Poly Canyon Village,Burritos,Bean Burrito,1 burrito,2.69,360,370,13,54,10,,yes,"Grubhub campus ordering app (Cal Poly), screenshots 2026-10-05",tacobell.com item nutrition labels + official Taco Bell Nutrition Calculator (updated 2026-10-05),2026-10-05,
taco-bell--crunchwrap-supreme,Taco Bell,Poly Canyon Village,Specialties,Crunchwrap Supreme,1 crunchwrap,6.89,530,530,15,74,20,,yes,"Grubhub campus ordering app (Cal Poly), screenshots 2026-10-05",tacobell.com item nutrition labels + official Taco Bell Nutrition Calculator (updated 2026-10-05),2026-10-05,
taco-bell--mexican-pizza,Taco Bell,Poly Canyon Village,Specialties,Mexican Pizza,1 order,6.69,530,540,19,51,27,,yes,"Grubhub campus ordering app (Cal Poly), screenshots 2026-10-05",tacobell.com item nutrition labels + official Taco Bell Nutrition Calculator (updated 2026-10-05),2026-10-05,
taco-bell--cheese-quesadilla,Taco Bell,Poly Canyon Village,Specialties,Cheese Quesadilla,1 quesadilla,,440,480,18,43,22,,yes,,tacobell.com item nutrition labels + official Taco Bell Nutrition Calculator (updated 2026-10-05),2026-10-05,
taco-bell--chicken-quesadilla,Taco Bell,Poly Canyon Village,Specialties,Chicken Quesadilla,1 quesadilla,,490,530,26,44,23,,yes,,tacobell.com item nutrition labels + official Taco Bell Nutrition Calculator (updated 2026-10-05),2026-10-05,
taco-bell--steak-quesadilla,Taco Bell,Poly Canyon Village,Specialties,Steak Quesadilla,1 quesadilla,,500,520,26,44,24,,yes,,tacobell.com item nutrition labels + official Taco Bell Nutrition Calculator (updated 2026-10-05),2026-10-05,
taco-bell--chalupa-supreme-chicken,Taco Bell,Poly Canyon Village,Chalupas,Chalupa Supreme (Chicken),1 chalupa,,330,350,15,30,17,,yes,,tacobell.com item nutrition labels + official Taco Bell Nutrition Calculator (updated 2026-10-05),2026-10-05,"Campus menu lists chicken version, 350 cal; macros from TB calculator with grilled chicken"
taco-bell--crunchy-taco,Taco Bell,Poly Canyon Village,Tacos,Crunchy Taco,1 taco,2.19,170,170,7,13,9,,yes,"Grubhub campus ordering app (Cal Poly), screenshots 2026-10-05",tacobell.com item nutrition labels + official Taco Bell Nutrition Calculator (updated 2026-10-05),2026-10-05,
taco-bell--crunchy-taco-supreme,Taco Bell,Poly Canyon Village,Tacos,Crunchy Taco Supreme,1 taco,3.19,190,200,8,16,10,,yes,"Grubhub campus ordering app (Cal Poly), screenshots 2026-10-05",tacobell.com item nutrition labels + official Taco Bell Nutrition Calculator (updated 2026-10-05),2026-10-05,
taco-bell--soft-taco-beef,Taco Bell,Poly Canyon Village,Tacos,Soft Taco (Beef),1 taco,2.19,180,200,9,18,8,,yes,"Grubhub campus ordering app (Cal Poly), screenshots 2026-10-05",tacobell.com item nutrition labels + official Taco Bell Nutrition Calculator (updated 2026-10-05),2026-10-05,
taco-bell--soft-taco-supreme-beef,Taco Bell,Poly Canyon Village,Tacos,Soft Taco Supreme (Beef),1 taco,3.19,200,230,9,21,9,,yes,"Grubhub campus ordering app (Cal Poly), screenshots 2026-10-05",tacobell.com item nutrition labels + official Taco Bell Nutrition Calculator (updated 2026-10-05),2026-10-05,
taco-bell--nacho-cheese-doritos-locos-taco,Taco Bell,Poly Canyon Village,Tacos,Nacho Cheese Doritos Locos Taco,1 taco,3.19,170,170,7,13,10,,yes,"Grubhub campus ordering app (Cal Poly), screenshots 2026-10-05",tacobell.com item nutrition labels + official Taco Bell Nutrition Calculator (updated 2026-10-05),2026-10-05,
taco-bell--nacho-cheese-doritos-locos-taco-supreme,Taco Bell,Poly Canyon Village,Tacos,Nacho Cheese Doritos Locos Taco Supreme,1 taco,4.19,190,190,8,15,11,,yes,"Grubhub campus ordering app (Cal Poly), screenshots 2026-10-05",tacobell.com item nutrition labels + official Taco Bell Nutrition Calculator (updated 2026-10-05),2026-10-05,
taco-bell--spicy-potato-soft-taco,Taco Bell,Poly Canyon Village,Tacos,Spicy Potato Soft Taco,1 taco,,240,230,5,28,11,,yes,,tacobell.com item nutrition labels + official Taco Bell Nutrition Calculator (updated 2026-10-05),2026-10-05,
taco-bell--nachos-bellgrande,Taco Bell,Poly Canyon Village,Nachos & Sides,Nachos BellGrande,1 order,,730,770,17,81,38,,yes,,tacobell.com item nutrition labels + official Taco Bell Nutrition Calculator (updated 2026-10-05),2026-10-05,
taco-bell--chips-nacho-cheese,Taco Bell,Poly Canyon Village,Nachos & Sides,Chips & Nacho Cheese,1 order,2.99,220,220,3,24,13,,yes,"Grubhub campus ordering app (Cal Poly), screenshots 2026-10-05",tacobell.com item nutrition labels + official Taco Bell Nutrition Calculator (updated 2026-10-05),2026-10-05,"Dine On Campus calls it Cheesy Nachos (280 cal); Grubhub lists Chips & Nacho Cheese at 220 cal, matching the official value."
taco-bell--cheesy-roll-up,Taco Bell,Poly Canyon Village,Nachos & Sides,Cheesy Roll Up,1 roll-up,,170,190,8,18,8,,yes,,tacobell.com item nutrition labels + official Taco Bell Nutrition Calculator (updated 2026-10-05),2026-10-05,
taco-bell--cinnamon-twists,Taco Bell,Poly Canyon Village,Nachos & Sides,Cinnamon Twists,1 order,,170,170,2,27,6,,yes,,tacobell.com item nutrition labels + official Taco Bell Nutrition Calculator (updated 2026-10-05),2026-10-05,
taco-bell--creamy-jalape-o-sauce,Taco Bell,Poly Canyon Village,Sauces,Creamy Jalapeño Sauce,1.5 oz cup,,180,70,0.5,6,17,,yes,,tacobell.com item nutrition labels + official Taco Bell Nutrition Calculator (updated 2026-10-05),2026-10-05,Campus serves 1 packet (70 cal); official values are for a 1.5 oz cup. Protein listed as <1 g
taco-bell--reduced-fat-sour-cream,Taco Bell,Poly Canyon Village,Sauces,Reduced-Fat Sour Cream,1.2 oz,,35,30,0.5,4,2,,yes,,tacobell.com item nutrition labels + official Taco Bell Nutrition Calculator (updated 2026-10-05),2026-10-05,Campus packet lists 30 cal. Protein listed as <1 g
taco-bell--diablo-sauce,Taco Bell,Poly Canyon Village,Sauces,Diablo Sauce,1 packet,,0,0,0,0,0,,yes,,tacobell.com item nutrition labels + official Taco Bell Nutrition Calculator (updated 2026-10-05),2026-10-05,Calories from campus menu
taco-bell--fire-sauce,Taco Bell,Poly Canyon Village,Sauces,Fire Sauce,1 packet,,0,0,0,0,0,,yes,,tacobell.com item nutrition labels + official Taco Bell Nutrition Calculator (updated 2026-10-05),2026-10-05,Calories from campus menu
taco-bell--hot-sauce,Taco Bell,Poly Canyon Village,Sauces,Hot Sauce,1 packet,,0,0,0,0,0,,yes,,tacobell.com item nutrition labels + official Taco Bell Nutrition Calculator (updated 2026-10-05),2026-10-05,Calories from campus menu
taco-bell--mild-sauce,Taco Bell,Poly Canyon Village,Sauces,Mild Sauce,1 packet,,0,0,0,0,0,,yes,,tacobell.com item nutrition labels + official Taco Bell Nutrition Calculator (updated 2026-10-05),2026-10-05,Calories from campus menu
panda-express--chow-mein,Panda Express,1901 Marketplace,Bases,Chow Mein,1 base serving (as in a bowl/plate),,520,600,14,89,12,base,yes,"Grubhub campus ordering app (Cal Poly), screenshots 2026-10-05",pandaexpress.com Nutrition & Allergen Info,2026-10-05,"Priced through combos (Bowl $9.40, Plate $11.30, Bigger Plate $13.30). Half-and-half bases = half of each."
panda-express--fried-rice,Panda Express,1901 Marketplace,Bases,Fried Rice,1 base serving (as in a bowl/plate),,610,620,15,109,13,base,yes,"Grubhub campus ordering app (Cal Poly), screenshots 2026-10-05",pandaexpress.com Nutrition & Allergen Info,2026-10-05,"Priced through combos (Bowl $9.40, Plate $11.30, Bigger Plate $13.30). Half-and-half bases = half of each."
panda-express--white-steamed-rice,Panda Express,1901 Marketplace,Bases,White Steamed Rice,1 base serving (as in a bowl/plate),,570,520,11,129,0,base,yes,"Grubhub campus ordering app (Cal Poly), screenshots 2026-10-05",pandaexpress.com Nutrition & Allergen Info,2026-10-05,"Priced through combos (Bowl $9.40, Plate $11.30, Bigger Plate $13.30). Half-and-half bases = half of each."
panda-express--super-greens-as-base,Panda Express,1901 Marketplace,Bases,Super Greens (as base),1 base serving (as in a bowl/plate),,180,90,8,17,9,base,yes,"Grubhub campus ordering app (Cal Poly), screenshots 2026-10-05",pandaexpress.com Nutrition & Allergen Info,2026-10-05,"Priced through combos (Bowl $9.40, Plate $11.30, Bigger Plate $13.30). Half-and-half bases = half of each."
panda-express--the-original-orange-chicken,Panda Express,1901 Marketplace,Entrees,The Original Orange Chicken,1 entree serving,,560,510,19,63,25,entree,yes,"Grubhub campus ordering app (Cal Poly), screenshots 2026-10-05",pandaexpress.com Nutrition & Allergen Info,2026-10-05,"Priced through combos (Bowl $9.40, Plate $11.30, Bigger Plate $13.30)."
panda-express--grilled-teriyaki-chicken,Panda Express,1901 Marketplace,Entrees,Grilled Teriyaki Chicken,1 entree serving,,280,275,38,13,9,entree,yes,"Grubhub campus ordering app (Cal Poly), screenshots 2026-10-05",pandaexpress.com Nutrition & Allergen Info,2026-10-05,"Priced through combos (Bowl $9.40, Plate $11.30, Bigger Plate $13.30)."
panda-express--kung-pao-chicken,Panda Express,1901 Marketplace,Entrees,Kung Pao Chicken,1 entree serving,,270,320,20,16,14,entree,yes,"Grubhub campus ordering app (Cal Poly), screenshots 2026-10-05",pandaexpress.com Nutrition & Allergen Info,2026-10-05,"Priced through combos (Bowl $9.40, Plate $11.30, Bigger Plate $13.30)."
panda-express--beijing-beef,Panda Express,1901 Marketplace,Entrees,Beijing Beef,1 entree serving,,480,480,14,46,27,entree,yes,"Grubhub campus ordering app (Cal Poly), screenshots 2026-10-05",pandaexpress.com Nutrition & Allergen Info,2026-10-05,"Priced through combos (Bowl $9.40, Plate $11.30, Bigger Plate $13.30)."
panda-express--broccoli-beef,Panda Express,1901 Marketplace,Entrees,Broccoli Beef,1 entree serving,,190,150,17,14,7,entree,yes,"Grubhub campus ordering app (Cal Poly), screenshots 2026-10-05",pandaexpress.com Nutrition & Allergen Info,2026-10-05,"Priced through combos (Bowl $9.40, Plate $11.30, Bigger Plate $13.30)."
panda-express--honey-walnut-shrimp,Panda Express,1901 Marketplace,Entrees,Honey Walnut Shrimp,1 entree serving,,340,430,13,28,20,entree,yes,"Grubhub campus ordering app (Cal Poly), screenshots 2026-10-05",pandaexpress.com Nutrition & Allergen Info,2026-10-05,"Priced through combos (Bowl $9.40, Plate $11.30, Bigger Plate $13.30). Premium entree: +$1.50 per slot (Grubhub #5 Plate is $12.80)."
panda-express--super-greens-as-entree,Panda Express,1901 Marketplace,Entrees,Super Greens (as entree),1 entree serving,,45,90,3,5,2,entree,yes,"Grubhub campus ordering app (Cal Poly), screenshots 2026-10-05",pandaexpress.com Nutrition & Allergen Info,2026-10-05,"Priced through combos (Bowl $9.40, Plate $11.30, Bigger Plate $13.30)."
panda-express--chicken-egg-roll,Panda Express,1901 Marketplace,Appetizers,Chicken Egg Roll,1 roll,2.0,200,200,6,20,10,,yes,"Grubhub campus ordering app (Cal Poly), screenshots 2026-10-05",pandaexpress.com Nutrition & Allergen Info,2026-10-05,
panda-express--cream-cheese-rangoon,Panda Express,1901 Marketplace,Appetizers,Cream Cheese Rangoon,3 pieces,2.0,190,190,5,24,8,,yes,"Grubhub campus ordering app (Cal Poly), screenshots 2026-10-05",pandaexpress.com Nutrition & Allergen Info,2026-10-05,
panda-express--vegetable-spring-roll,Panda Express,1901 Marketplace,Appetizers,Vegetable Spring Roll,2 rolls,2.0,240,240,4,24,14,,yes,"Grubhub campus ordering app (Cal Poly), screenshots 2026-10-05",pandaexpress.com Nutrition & Allergen Info,2026-10-05,
panda-express--apple-pie-roll,Panda Express,1901 Marketplace,More,Apple Pie Roll,1 roll,,150,150,,,,,yes,,"Cal Poly Dine On Campus menu (calories only), viewed 2026-10-05",2026-10-05,Not in Panda's published nutrition guide; calories from campus menu.
panda-express--fortune-cookie,Panda Express,1901 Marketplace,More,Fortune Cookie,1 cookie,,20,20,0,5,0,,yes,,pandaexpress.com Nutrition & Allergen Info,2026-10-05,Usually free with a meal.
panda-express--sweet-sour-sauce,Panda Express,1901 Marketplace,More,Sweet & Sour Sauce,1.8 oz,,70,70,0,21,0,,yes,,pandaexpress.com Nutrition & Allergen Info,2026-10-05,Usually free with a meal.
panda-express--teriyaki-sauce,Panda Express,1901 Marketplace,More,Teriyaki Sauce,1.8 oz,,70,70,0,16,0,,yes,,pandaexpress.com Nutrition & Allergen Info,2026-10-05,Usually free with a meal.
panda-express--chili-sauce,Panda Express,1901 Marketplace,More,Chili Sauce,1 packet,,10,10,0,2,0,,yes,,pandaexpress.com Nutrition & Allergen Info,2026-10-05,Usually free with a meal.
panda-express--soy-sauce,Panda Express,1901 Marketplace,More,Soy Sauce,1 packet,,5,5,0,0,0,,yes,,pandaexpress.com Nutrition & Allergen Info,2026-10-05,Usually free with a meal.
subway--steak-philly,Subway,Poly Canyon Village; Kennedy Library (Dexter Bldg),6-inch Subs,Steak Philly,"6-inch sub, standard recipe",8.99,510,510,28,43,25,,yes,"Grubhub campus ordering app (Cal Poly), screenshots 2026-10-05","Subway U.S. Nutrition Information PDF, October 2026",2026-10-05,
subway--chipotle-philly,Subway,Poly Canyon Village; Kennedy Library (Dexter Bldg),6-inch Subs,Chipotle Philly,"6-inch sub, standard recipe",8.99,490,,30,44,22,,yes,"subway.com online menu for Cal Poly stores #457 (Poly Canyon Village) and #52042 (Dexter Bldg / Kennedy Library), viewed 2026-10-05","Subway U.S. Nutrition Information PDF, October 2026",2026-10-05,Not on Grubhub; price from subway.com store menu.
subway--chicken-bacon-ranch,Subway,Poly Canyon Village; Kennedy Library (Dexter Bldg),6-inch Subs,Chicken & Bacon Ranch,"6-inch sub, standard recipe",9.29,580,,35,44,29,,yes,"subway.com online menu for Cal Poly stores #457 (Poly Canyon Village) and #52042 (Dexter Bldg / Kennedy Library), viewed 2026-10-05","Subway U.S. Nutrition Information PDF, October 2026",2026-10-05,Not on Grubhub; price from subway.com store menu.
subway--honey-mustard-chicken,Subway,Poly Canyon Village; Kennedy Library (Dexter Bldg),6-inch Subs,Honey Mustard Chicken,"6-inch sub, standard recipe",8.99,480,,30,47,20,,yes,"subway.com online menu for Cal Poly stores #457 (Poly Canyon Village) and #52042 (Dexter Bldg / Kennedy Library), viewed 2026-10-05","Subway U.S. Nutrition Information PDF, October 2026",2026-10-05,Not on Grubhub; price from subway.com store menu.
subway--sweet-onion-chicken-teriyaki,Subway,Poly Canyon Village; Kennedy Library (Dexter Bldg),6-inch Subs,Sweet Onion Chicken Teriyaki,"6-inch sub, standard recipe",8.99,430,430,29,55,11,,yes,"Grubhub campus ordering app (Cal Poly), screenshots 2026-10-05","Subway U.S. Nutrition Information PDF, October 2026",2026-10-05,
subway--grilled-chicken,Subway,Poly Canyon Village; Kennedy Library (Dexter Bldg),6-inch Subs,Grilled Chicken,"6-inch sub, standard recipe",8.79,510,510,31,43,24,,yes,"Grubhub campus ordering app (Cal Poly), screenshots 2026-10-05","Subway U.S. Nutrition Information PDF, October 2026",2026-10-05,
subway--b-m-t,Subway,Poly Canyon Village; Kennedy Library (Dexter Bldg),6-inch Subs,B.M.T.,"6-inch sub, standard recipe",8.29,590,610,26,44,35,,yes,"Grubhub campus ordering app (Cal Poly), screenshots 2026-10-05","Subway U.S. Nutrition Information PDF, October 2026",2026-10-05,
subway--spicy-italian,Subway,Poly Canyon Village; Kennedy Library (Dexter Bldg),6-inch Subs,Spicy Italian,"6-inch sub, standard recipe",8.29,660,790,26,44,43,,yes,"Grubhub campus ordering app (Cal Poly), screenshots 2026-10-05","Subway U.S. Nutrition Information PDF, October 2026",2026-10-05,
subway--5-meat-italian,Subway,Poly Canyon Village; Kennedy Library (Dexter Bldg),6-inch Subs,5 Meat Italian,"6-inch sub, standard recipe",10.19,660,680,39,46,36,,yes,"Grubhub campus ordering app (Cal Poly), screenshots 2026-10-05","Subway U.S. Nutrition Information PDF, October 2026",2026-10-05,
subway--meatball-pepperoni,Subway,Poly Canyon Village; Kennedy Library (Dexter Bldg),6-inch Subs,Meatball Pepperoni,"6-inch sub, standard recipe",8.99,670,690,32,56,37,,yes,"Grubhub campus ordering app (Cal Poly), screenshots 2026-10-05","Subway U.S. Nutrition Information PDF, October 2026",2026-10-05,
subway--meatball-marinara,Subway,Poly Canyon Village; Kennedy Library (Dexter Bldg),6-inch Subs,Meatball Marinara,"6-inch sub, standard recipe",4.99,550,,26,52,27,,yes,"subway.com online menu for Cal Poly stores #457 (Poly Canyon Village) and #52042 (Dexter Bldg / Kennedy Library), viewed 2026-10-05","Subway U.S. Nutrition Information PDF, October 2026",2026-10-05,Not on Grubhub; price from subway.com store menu. $4.99 was the Sub of the Day price on 2026-10-05; regular price not shown
subway--cold-cut-combo,Subway,Poly Canyon Village; Kennedy Library (Dexter Bldg),6-inch Subs,Cold Cut Combo,"6-inch sub, standard recipe",8.29,520,530,24,43,28,,yes,"Grubhub campus ordering app (Cal Poly), screenshots 2026-10-05","Subway U.S. Nutrition Information PDF, October 2026",2026-10-05,
subway--b-l-t,Subway,Poly Canyon Village; Kennedy Library (Dexter Bldg),6-inch Subs,B.L.T.,"6-inch sub, standard recipe",4.99,480,,18,42,26,,yes,"subway.com online menu for Cal Poly stores #457 (Poly Canyon Village) and #52042 (Dexter Bldg / Kennedy Library), viewed 2026-10-05","Subway U.S. Nutrition Information PDF, October 2026",2026-10-05,Not on Grubhub; price from subway.com store menu. Deli Faves value price
subway--oven-roasted-turkey,Subway,Poly Canyon Village; Kennedy Library (Dexter Bldg),6-inch Subs,Oven-Roasted Turkey,"6-inch sub, standard recipe",8.29,470,480,25,42,22,,yes,"Grubhub campus ordering app (Cal Poly), screenshots 2026-10-05","Subway U.S. Nutrition Information PDF, October 2026",2026-10-05,
subway--black-forest-ham,Subway,Poly Canyon Village; Kennedy Library (Dexter Bldg),6-inch Subs,Black Forest Ham,"6-inch sub, standard recipe",8.29,480,490,25,44,22,,yes,"Grubhub campus ordering app (Cal Poly), screenshots 2026-10-05","Subway U.S. Nutrition Information PDF, October 2026",2026-10-05,
subway--roast-beef,Subway,Poly Canyon Village; Kennedy Library (Dexter Bldg),6-inch Subs,Roast Beef,"6-inch sub, standard recipe",9.29,490,500,30,44,22,,yes,"Grubhub campus ordering app (Cal Poly), screenshots 2026-10-05","Subway U.S. Nutrition Information PDF, October 2026",2026-10-05,
subway--tuna,Subway,Poly Canyon Village; Kennedy Library (Dexter Bldg),6-inch Subs,Tuna,"6-inch sub, standard recipe",8.19,560,570,27,42,32,,yes,"Grubhub campus ordering app (Cal Poly), screenshots 2026-10-05","Subway U.S. Nutrition Information PDF, October 2026",2026-10-05,
subway--veggie-delite,Subway,Poly Canyon Village; Kennedy Library (Dexter Bldg),6-inch Subs,Veggie Delite,"6-inch sub, standard recipe",7.69,310,320,16,40,10,,yes,"Grubhub campus ordering app (Cal Poly), screenshots 2026-10-05","Subway U.S. Nutrition Information PDF, October 2026",2026-10-05,
subway--all-american-club,Subway,Poly Canyon Village; Kennedy Library (Dexter Bldg),6-inch Subs,All American Club,"6-inch sub, standard recipe",9.19,540,540,28,45,28,,yes,"Grubhub campus ordering app (Cal Poly), screenshots 2026-10-05","Subway U.S. Nutrition Information PDF, October 2026",2026-10-05,
subway--subway-club,Subway,Poly Canyon Village; Kennedy Library (Dexter Bldg),6-inch Subs,Subway Club,"6-inch sub, standard recipe",9.29,500,500,31,43,23,,yes,"Grubhub campus ordering app (Cal Poly), screenshots 2026-10-05","Subway U.S. Nutrition Information PDF, October 2026",2026-10-05,
subway--turkey-ham,Subway,Poly Canyon Village; Kennedy Library (Dexter Bldg),6-inch Subs,Turkey & Ham,"6-inch sub, standard recipe",8.09,460,,26,41,22,,yes,"subway.com online menu for Cal Poly stores #457 (Poly Canyon Village) and #52042 (Dexter Bldg / Kennedy Library), viewed 2026-10-05","Subway U.S. Nutrition Information PDF, October 2026",2026-10-05,Not on Grubhub; price from subway.com store menu.
subway--pizza-sub,Subway,Poly Canyon Village; Kennedy Library (Dexter Bldg),6-inch Subs,Pizza Sub,"6-inch sub, standard recipe",7.99,480,,21,45,24,,yes,"subway.com online menu for Cal Poly stores #457 (Poly Canyon Village) and #52042 (Dexter Bldg / Kennedy Library), viewed 2026-10-05","Subway U.S. Nutrition Information PDF, October 2026",2026-10-05,Not on Grubhub; price from subway.com store menu.
subway--veggie-patty,Subway,Poly Canyon Village; Kennedy Library (Dexter Bldg),6-inch Subs,Veggie Patty,"6-inch sub, standard recipe",8.09,470,,19,58,19,,yes,"subway.com online menu for Cal Poly stores #457 (Poly Canyon Village) and #52042 (Dexter Bldg / Kennedy Library), viewed 2026-10-05","Subway U.S. Nutrition Information PDF, October 2026",2026-10-05,Not on Grubhub; price from subway.com store menu.
subway--ham-salami,Subway,Poly Canyon Village; Kennedy Library (Dexter Bldg),6-inch Subs,Ham & Salami,"6-inch sub, standard recipe",4.99,510,,,,,,yes,"subway.com online menu for Cal Poly stores #457 (Poly Canyon Village) and #52042 (Dexter Bldg / Kennedy Library), viewed 2026-10-05","Subway U.S. Nutrition Information PDF, October 2026",2026-10-05,Not on Grubhub; price from subway.com store menu. New item; not in Oct 2026 nutrition PDF
subway--spicy-pepperoni,Subway,Poly Canyon Village; Kennedy Library (Dexter Bldg),6-inch Subs,Spicy Pepperoni,"6-inch sub, standard recipe",4.99,520,,,,,,yes,"subway.com online menu for Cal Poly stores #457 (Poly Canyon Village) and #52042 (Dexter Bldg / Kennedy Library), viewed 2026-10-05","Subway U.S. Nutrition Information PDF, October 2026",2026-10-05,Not on Grubhub; price from subway.com store menu. New item; not in Oct 2026 nutrition PDF
subway--hot-honey-turkey-italian,Subway,Poly Canyon Village; Kennedy Library (Dexter Bldg),6-inch Subs,Hot Honey Turkey Italian,"6-inch sub, standard recipe",8.29,550,,,,,,yes,"subway.com online menu for Cal Poly stores #457 (Poly Canyon Village) and #52042 (Dexter Bldg / Kennedy Library), viewed 2026-10-05","Subway U.S. Nutrition Information PDF, October 2026",2026-10-05,Not on Grubhub; price from subway.com store menu. Limited time; not in nutrition PDF
subway--hot-honey-italian,Subway,Poly Canyon Village; Kennedy Library (Dexter Bldg),6-inch Subs,Hot Honey Italian,"6-inch sub, standard recipe",8.09,620,,,,,,yes,"subway.com online menu for Cal Poly stores #457 (Poly Canyon Village) and #52042 (Dexter Bldg / Kennedy Library), viewed 2026-10-05","Subway U.S. Nutrition Information PDF, October 2026",2026-10-05,Not on Grubhub; price from subway.com store menu. Limited time; not in nutrition PDF
subway--grilled-chicken-avocado,Subway,Poly Canyon Village; Kennedy Library (Dexter Bldg),Fresh Fit,Grilled Chicken & Avocado,"6-inch sub, standard recipe",8.99,450,,,,,,yes,"subway.com online menu for Cal Poly stores #457 (Poly Canyon Village) and #52042 (Dexter Bldg / Kennedy Library), viewed 2026-10-05","Subway U.S. Nutrition Information PDF, October 2026",2026-10-05,Not on Grubhub; price from subway.com store menu. Not broken out in nutrition PDF
subway--ham-turkey-stacker,Subway,Poly Canyon Village; Kennedy Library (Dexter Bldg),Fresh Fit,Ham & Turkey Stacker,"6-inch sub, standard recipe",8.09,290,,,,,,yes,"subway.com online menu for Cal Poly stores #457 (Poly Canyon Village) and #52042 (Dexter Bldg / Kennedy Library), viewed 2026-10-05","Subway U.S. Nutrition Information PDF, October 2026",2026-10-05,Not on Grubhub; price from subway.com store menu. Not broken out in nutrition PDF
subway--turkey-ranch-delite,Subway,Poly Canyon Village; Kennedy Library (Dexter Bldg),Fresh Fit,Turkey & Ranch Delite,"6-inch sub, standard recipe",8.09,380,,,,,,yes,"subway.com online menu for Cal Poly stores #457 (Poly Canyon Village) and #52042 (Dexter Bldg / Kennedy Library), viewed 2026-10-05","Subway U.S. Nutrition Information PDF, October 2026",2026-10-05,Not on Grubhub; price from subway.com store menu. Not broken out in nutrition PDF
subway--seasoned-steak-avocado,Subway,Poly Canyon Village; Kennedy Library (Dexter Bldg),Fresh Fit,Seasoned Steak & Avocado,"6-inch sub, standard recipe",8.99,430,,,,,,yes,"subway.com online menu for Cal Poly stores #457 (Poly Canyon Village) and #52042 (Dexter Bldg / Kennedy Library), viewed 2026-10-05","Subway U.S. Nutrition Information PDF, October 2026",2026-10-05,Not on Grubhub; price from subway.com store menu. Not broken out in nutrition PDF
subway--6-inch-bacon-egg-cheese,Subway,Poly Canyon Village; Kennedy Library (Dexter Bldg),Breakfast,"6-inch Bacon, Egg & Cheese",6-inch on Artisan Italian,7.09,550,,26,43,30,,yes,"subway.com online menu for Cal Poly stores #457 (Poly Canyon Village) and #52042 (Dexter Bldg / Kennedy Library), viewed 2026-10-05","Subway U.S. Nutrition Information PDF, October 2026",2026-10-05,Not on Grubhub; price from subway.com store menu.
subway--6-inch-steak-egg-cheese,Subway,Poly Canyon Village; Kennedy Library (Dexter Bldg),Breakfast,"6-inch Steak, Egg & Cheese",6-inch on Artisan Italian,7.29,530,,30,43,26,,yes,"subway.com online menu for Cal Poly stores #457 (Poly Canyon Village) and #52042 (Dexter Bldg / Kennedy Library), viewed 2026-10-05","Subway U.S. Nutrition Information PDF, October 2026",2026-10-05,Not on Grubhub; price from subway.com store menu. Store menu shows 540 cal
subway--6-inch-egg-cheese,Subway,Poly Canyon Village; Kennedy Library (Dexter Bldg),Breakfast,6-inch Egg & Cheese,6-inch on Artisan Italian,7.09,470,,21,42,24,,yes,"subway.com online menu for Cal Poly stores #457 (Poly Canyon Village) and #52042 (Dexter Bldg / Kennedy Library), viewed 2026-10-05","Subway U.S. Nutrition Information PDF, October 2026",2026-10-05,Not on Grubhub; price from subway.com store menu.
subway--6-inch-black-forest-ham-egg-cheese,Subway,Poly Canyon Village; Kennedy Library (Dexter Bldg),Breakfast,"6-inch Black Forest Ham, Egg & Cheese",6-inch on Artisan Italian,7.09,510,,27,44,25,,yes,"subway.com online menu for Cal Poly stores #457 (Poly Canyon Village) and #52042 (Dexter Bldg / Kennedy Library), viewed 2026-10-05","Subway U.S. Nutrition Information PDF, October 2026",2026-10-05,Not on Grubhub; price from subway.com store menu. Store menu shows 500 cal
subway--broccoli-cheddar-soup,Subway,Poly Canyon Village,Soups,Broccoli Cheddar Soup,8 oz bowl,3.59,200,,9,16,13,,yes,"subway.com online menu for Cal Poly stores #457 (Poly Canyon Village) and #52042 (Dexter Bldg / Kennedy Library), viewed 2026-10-05","Subway U.S. Nutrition Information PDF, October 2026",2026-10-05,Not on Grubhub; price from subway.com store menu. PCV store only (not on Kennedy Library menu)
subway--chicken-noodle-soup,Subway,Poly Canyon Village,Soups,Chicken Noodle Soup,8 oz bowl,3.59,70,,7,6,3,,yes,"subway.com online menu for Cal Poly stores #457 (Poly Canyon Village) and #52042 (Dexter Bldg / Kennedy Library), viewed 2026-10-05","Subway U.S. Nutrition Information PDF, October 2026",2026-10-05,Not on Grubhub; price from subway.com store menu. PCV store only (not on Kennedy Library menu)
subway--loaded-baked-potato-soup,Subway,Poly Canyon Village,Soups,Loaded Baked Potato Soup,8 oz bowl,3.59,200,,9,17,14,,yes,"subway.com online menu for Cal Poly stores #457 (Poly Canyon Village) and #52042 (Dexter Bldg / Kennedy Library), viewed 2026-10-05","Subway U.S. Nutrition Information PDF, October 2026",2026-10-05,Not on Grubhub; price from subway.com store menu. PCV store only (not on Kennedy Library menu)
subway--chocolate-chip-cookie,Subway,Poly Canyon Village; Kennedy Library (Dexter Bldg),Cookies,Chocolate Chip Cookie,1 cookie,0.99,210,,2,30,10,,yes,"Grubhub campus ordering app (Cal Poly), screenshots 2026-10-05","Subway U.S. Nutrition Information PDF, October 2026",2026-10-05,Grubhub lists cookies at $0.99 (200-230 cal).
subway--double-chocolate-cookie,Subway,Poly Canyon Village; Kennedy Library (Dexter Bldg),Cookies,Double Chocolate Cookie,1 cookie,0.99,210,,2,29,9,,yes,"Grubhub campus ordering app (Cal Poly), screenshots 2026-10-05","Subway U.S. Nutrition Information PDF, October 2026",2026-10-05,Grubhub lists cookies at $0.99 (200-230 cal).
subway--oatmeal-raisin-cookie,Subway,Poly Canyon Village; Kennedy Library (Dexter Bldg),Cookies,Oatmeal Raisin Cookie,1 cookie,0.99,200,,3,30,8,,yes,"Grubhub campus ordering app (Cal Poly), screenshots 2026-10-05","Subway U.S. Nutrition Information PDF, October 2026",2026-10-05,Grubhub lists cookies at $0.99 (200-230 cal).
subway--raspberry-cheesecake-cookie,Subway,Poly Canyon Village; Kennedy Library (Dexter Bldg),Cookies,Raspberry Cheesecake Cookie,1 cookie,0.99,210,,2,29,9,,yes,"Grubhub campus ordering app (Cal Poly), screenshots 2026-10-05","Subway U.S. Nutrition Information PDF, October 2026",2026-10-05,Grubhub lists cookies at $0.99 (200-230 cal).
subway--white-chip-macadamia-nut-cookie,Subway,Poly Canyon Village; Kennedy Library (Dexter Bldg),Cookies,White Chip Macadamia Nut Cookie,1 cookie,0.99,210,,2,28,10,,yes,"Grubhub campus ordering app (Cal Poly), screenshots 2026-10-05","Subway U.S. Nutrition Information PDF, October 2026",2026-10-05,Grubhub lists cookies at $0.99 (200-230 cal).
chick-fil-a--chick-fil-a-chicken-sandwich,Chick-fil-A,1901 Marketplace,Entrees,Chick-fil-A Chicken Sandwich,1 sandwich,6.49,420,440,29,41,16,,yes,"Grubhub campus ordering app (Cal Poly), screenshots 2026-10-05",chick-fil-a.com Nutrition & Allergens guide,2026-10-05,
chick-fil-a--spicy-chicken-sandwich,Chick-fil-A,1901 Marketplace,Entrees,Spicy Chicken Sandwich,1 sandwich,6.99,450,460,28,44,18,,yes,"Grubhub campus ordering app (Cal Poly), screenshots 2026-10-05",chick-fil-a.com Nutrition & Allergens guide,2026-10-05,
chick-fil-a--chick-fil-a-deluxe-sandwich,Chick-fil-A,1901 Marketplace,Entrees,Chick-fil-A Deluxe Sandwich,1 sandwich,7.39,490,500,32,43,21,,yes,"Grubhub campus ordering app (Cal Poly), screenshots 2026-10-05",chick-fil-a.com Nutrition & Allergens guide,2026-10-05,
chick-fil-a--spicy-deluxe-sandwich,Chick-fil-A,1901 Marketplace,Entrees,Spicy Deluxe Sandwich,1 sandwich,7.89,540,550,34,46,24,,yes,"Grubhub campus ordering app (Cal Poly), screenshots 2026-10-05",chick-fil-a.com Nutrition & Allergens guide,2026-10-05,
chick-fil-a--grilled-chicken-sandwich,Chick-fil-A,1901 Marketplace,Entrees,Grilled Chicken Sandwich,1 sandwich,7.99,390,380,28,45,11,,yes,"Grubhub campus ordering app (Cal Poly), screenshots 2026-10-05",chick-fil-a.com Nutrition & Allergens guide,2026-10-05,
chick-fil-a--grilled-chicken-club-sandwich,Chick-fil-A,1901 Marketplace,Entrees,Grilled Chicken Club Sandwich,1 sandwich,10.39,520,520,37,45,22,,yes,"Grubhub campus ordering app (Cal Poly), screenshots 2026-10-05",chick-fil-a.com Nutrition & Allergens guide,2026-10-05,
chick-fil-a--chick-fil-a-nuggets-8-ct,Chick-fil-A,1901 Marketplace,Entrees,Chick-fil-A Nuggets (8 ct),8 pieces,6.59,250,260,27,11,11,,yes,"Grubhub campus ordering app (Cal Poly), screenshots 2026-10-05",chick-fil-a.com Nutrition & Allergens guide,2026-10-05,Grubhub lists one price for the item; assumed to be the 8 ct.
chick-fil-a--chick-fil-a-nuggets-12-ct,Chick-fil-A,1901 Marketplace,Entrees,Chick-fil-A Nuggets (12 ct),12 pieces,,380,390,40,16,17,,yes,,chick-fil-a.com Nutrition & Allergens guide,2026-10-05,Not priced on Grubhub.
chick-fil-a--grilled-nuggets-8-ct,Chick-fil-A,1901 Marketplace,Entrees,Grilled Nuggets (8 ct),8 pieces,7.39,130,110,25,1,3,,yes,"Grubhub campus ordering app (Cal Poly), screenshots 2026-10-05",chick-fil-a.com Nutrition & Allergens guide,2026-10-05,Grubhub lists one price for the item; assumed to be the 8 ct.
chick-fil-a--grilled-nuggets-12-ct,Chick-fil-A,1901 Marketplace,Entrees,Grilled Nuggets (12 ct),12 pieces,,200,170,38,2,4.5,,yes,,chick-fil-a.com Nutrition & Allergens guide,2026-10-05,Not priced on Grubhub.
chick-fil-a--chick-n-minis-4-ct,Chick-fil-A,1901 Marketplace,Breakfast,Chick-n-Minis (4 ct),4 minis,5.89,360,360,20,41,13,,yes,"Grubhub campus ordering app (Cal Poly), screenshots 2026-10-05",chick-fil-a.com Nutrition & Allergens guide,2026-10-05,Grubhub sells only the 4 ct; Dine On Campus also lists a '10 ct' at the 4 ct calorie count.
chick-fil-a--spicy-chicken-biscuit,Chick-fil-A,1901 Marketplace,Breakfast,Spicy Chicken Biscuit,1 biscuit,4.95,450,430,19,44,22,,yes,"Grubhub campus ordering app (Cal Poly), screenshots 2026-10-05",chick-fil-a.com Nutrition & Allergens guide,2026-10-05,
chick-fil-a--chicken-egg-cheese-biscuit,Chick-fil-A,1901 Marketplace,Breakfast,"Chicken, Egg & Cheese Biscuit",1 biscuit,,550,530,27,48,28,,yes,,chick-fil-a.com Nutrition & Allergens guide,2026-10-05,Not priced on Grubhub.
chick-fil-a--bacon-egg-cheese-biscuit,Chick-fil-A,1901 Marketplace,Breakfast,"Bacon, Egg & Cheese Biscuit",1 biscuit,5.29,420,420,15,38,23,,yes,"Grubhub campus ordering app (Cal Poly), screenshots 2026-10-05",chick-fil-a.com Nutrition & Allergens guide,2026-10-05,
chick-fil-a--sausage-egg-cheese-biscuit,Chick-fil-A,1901 Marketplace,Breakfast,"Sausage, Egg & Cheese Biscuit",1 biscuit,5.29,620,610,22,38,42,,yes,"Grubhub campus ordering app (Cal Poly), screenshots 2026-10-05",chick-fil-a.com Nutrition & Allergens guide,2026-10-05,
chick-fil-a--buttered-biscuit,Chick-fil-A,1901 Marketplace,Breakfast,Buttered Biscuit,1 biscuit,2.09,350,290,4,53,15,,yes,"Grubhub campus ordering app (Cal Poly), screenshots 2026-10-05",chick-fil-a.com Nutrition & Allergens guide,2026-10-05,Official name: Buttery Biscuit
chick-fil-a--hash-brown,Chick-fil-A,1901 Marketplace,Breakfast,Hash Brown,1 order,2.09,270,270,3,23,18,,yes,"Grubhub campus ordering app (Cal Poly), screenshots 2026-10-05",chick-fil-a.com Nutrition & Allergens guide,2026-10-05,
chick-fil-a--greek-yogurt-parfait,Chick-fil-A,1901 Marketplace,Breakfast,Greek Yogurt Parfait,1 parfait,5.59,270,270,13,35,9,,yes,"Grubhub campus ordering app (Cal Poly), screenshots 2026-10-05",chick-fil-a.com Nutrition & Allergens guide,2026-10-05,Official name: Berry Parfait
chick-fil-a--waffle-potato-fries-medium,Chick-fil-A,1901 Marketplace,Sides,Waffle Potato Fries (Medium),medium,3.45,420,420,5,45,24,,yes,"Grubhub campus ordering app (Cal Poly), screenshots 2026-10-05",chick-fil-a.com Nutrition & Allergens guide,2026-10-05,Grubhub shows one starting price ($3.45) for 320-600 cal; size not specified.
chick-fil-a--waffle-potato-fries-large,Chick-fil-A,1901 Marketplace,Sides,Waffle Potato Fries (Large),large,,600,600,7,65,35,,yes,,chick-fil-a.com Nutrition & Allergens guide,2026-10-05,Not priced on Grubhub.
chick-fil-a--mac-cheese-small,Chick-fil-A,1901 Marketplace,Sides,Mac & Cheese (Small),small,,270,270,12,17,17,,yes,,chick-fil-a.com Nutrition & Allergens guide,2026-10-05,Not priced on Grubhub.
chick-fil-a--mac-cheese-large,Chick-fil-A,1901 Marketplace,Sides,Mac & Cheese (Large),large,,840,840,,,,,yes,,"Cal Poly Dine On Campus menu (calories only), viewed 2026-10-05",2026-10-05,Not priced on Grubhub. Large size not in the national nutrition guide; calories from campus menu.
chick-fil-a--fruit-cup,Chick-fil-A,1901 Marketplace,Sides,Fruit Cup,1 cup,4.99,60,60,1,14,0,,yes,"Grubhub campus ordering app (Cal Poly), screenshots 2026-10-05",chick-fil-a.com Nutrition & Allergens guide,2026-10-05,Campus lists 60 cal (sides) and 50 cal (breakfast); values are the official small cup.
chick-fil-a--kale-crunch-side,Chick-fil-A,1901 Marketplace,Sides,Kale Crunch Side,1 side,4.99,170,170,4,13,12,,yes,"Grubhub campus ordering app (Cal Poly), screenshots 2026-10-05",chick-fil-a.com Nutrition & Allergens guide,2026-10-05,
chick-fil-a--waffle-potato-chips,Chick-fil-A,1901 Marketplace,Sides,Waffle Potato Chips,1 bag,2.99,220,220,3,25,13,,yes,"Grubhub campus ordering app (Cal Poly), screenshots 2026-10-05",chick-fil-a.com Nutrition & Allergens guide,2026-10-05,
chick-fil-a--chocolate-fudge-brownie,Chick-fil-A,1901 Marketplace,Desserts,Chocolate Fudge Brownie,1 brownie,2.54,370,440,4,47,21,,yes,"Grubhub campus ordering app (Cal Poly), screenshots 2026-10-05",chick-fil-a.com Nutrition & Allergens guide,2026-10-05,Campus calls it Brownie
chick-fil-a--icedream-cup,Chick-fil-A,1901 Marketplace,Desserts,Icedream Cup,1 cup,2.04,140,,4,24,3.5,,yes,"Grubhub campus ordering app (Cal Poly), screenshots 2026-10-05",chick-fil-a.com Nutrition & Allergens guide,2026-10-05,Campus lists two Icedream items (170 and 290 cal) without sizes
chick-fil-a--icedream-cone,Chick-fil-A,1901 Marketplace,Desserts,Icedream Cone,1 cone,2.19,180,,4,32,4,,yes,"Grubhub campus ordering app (Cal Poly), screenshots 2026-10-05",chick-fil-a.com Nutrition & Allergens guide,2026-10-05,Campus lists two Icedream items (170 and 290 cal) without sizes
chick-fil-a--chocolate-milkshake,Chick-fil-A,1901 Marketplace,Desserts,Chocolate Milkshake,1 shake,5.65,600,600,12,93,22,,yes,"Grubhub campus ordering app (Cal Poly), screenshots 2026-10-05",chick-fil-a.com Nutrition & Allergens guide,2026-10-05,
chick-fil-a--cookies-cream-milkshake,Chick-fil-A,1901 Marketplace,Desserts,Cookies & Cream Milkshake,1 shake,5.65,630,570,13,91,25,,yes,"Grubhub campus ordering app (Cal Poly), screenshots 2026-10-05",chick-fil-a.com Nutrition & Allergens guide,2026-10-05,
chick-fil-a--strawberry-milkshake,Chick-fil-A,1901 Marketplace,Desserts,Strawberry Milkshake,1 shake,5.65,560,610,10,92,18,,yes,"Grubhub campus ordering app (Cal Poly), screenshots 2026-10-05",chick-fil-a.com Nutrition & Allergens guide,2026-10-05,
chick-fil-a--vanilla-milkshake,Chick-fil-A,1901 Marketplace,Desserts,Vanilla Milkshake,1 shake,5.65,580,550,13,82,23,,yes,"Grubhub campus ordering app (Cal Poly), screenshots 2026-10-05",chick-fil-a.com Nutrition & Allergens guide,2026-10-05,
chick-fil-a--frosted-coffee,Chick-fil-A,1901 Marketplace,Desserts,Frosted Coffee,1 drink,5.55,260,230,7,45,7,,yes,"Grubhub campus ordering app (Cal Poly), screenshots 2026-10-05",chick-fil-a.com Nutrition & Allergens guide,2026-10-05,
chick-fil-a--frosted-lemonade,Chick-fil-A,1901 Marketplace,Desserts,Frosted Lemonade,1 drink,5.34,350,320,7,67,7,,yes,"Grubhub campus ordering app (Cal Poly), screenshots 2026-10-05",chick-fil-a.com Nutrition & Allergens guide,2026-10-05,
chick-fil-a--chick-fil-a-lemonade-medium,Chick-fil-A,1901 Marketplace,Drinks,Chick-fil-A Lemonade (Medium),medium,3.39,260,220,0,66,0,,yes,"Grubhub campus ordering app (Cal Poly), screenshots 2026-10-05",chick-fil-a.com Nutrition & Allergens guide,2026-10-05,Campus lists one size at 220 cal
chick-fil-a--chick-fil-a-diet-lemonade-medium,Chick-fil-A,1901 Marketplace,Drinks,Chick-fil-A Diet Lemonade (Medium),medium,3.39,60,50,0,15,0,,yes,"Grubhub campus ordering app (Cal Poly), screenshots 2026-10-05",chick-fil-a.com Nutrition & Allergens guide,2026-10-05,Campus lists one size at 50 cal
chick-fil-a--sweetened-iced-tea-medium,Chick-fil-A,1901 Marketplace,Drinks,Sweetened Iced Tea (Medium),medium,2.89,120,120,0,31,0,,yes,"Grubhub campus ordering app (Cal Poly), screenshots 2026-10-05",chick-fil-a.com Nutrition & Allergens guide,2026-10-05,
chick-fil-a--sweetened-iced-tea-large,Chick-fil-A,1901 Marketplace,Drinks,Sweetened Iced Tea (Large),large,,170,170,0,44,0,,yes,,chick-fil-a.com Nutrition & Allergens guide,2026-10-05,Not priced on Grubhub.
chick-fil-a--unsweetened-iced-tea,Chick-fil-A,1901 Marketplace,Drinks,Unsweetened Iced Tea,medium,2.89,0,0,0,0,0,,yes,"Grubhub campus ordering app (Cal Poly), screenshots 2026-10-05",chick-fil-a.com Nutrition & Allergens guide,2026-10-05,
chick-fil-a--sunjoy-sweet-tea-diet-lemonade-medium,Chick-fil-A,1901 Marketplace,Drinks,"Sunjoy (Sweet Tea + Diet Lemonade, Medium)",medium,3.39,110,120,0,29,0,,yes,"Grubhub campus ordering app (Cal Poly), screenshots 2026-10-05",chick-fil-a.com Nutrition & Allergens guide,2026-10-05,Campus lists 'Sunjoy' at 120 cal; this is the closest official mix
chick-fil-a--cold-brew-iced-coffee,Chick-fil-A,1901 Marketplace,Drinks,Cold Brew Iced Coffee,1 drink,,130,130,,,,,yes,,"Cal Poly Dine On Campus menu (calories only), viewed 2026-10-05",2026-10-05,Not priced on Grubhub. Not in the national nutrition guide; calories from campus menu.
chick-fil-a--dasani-bottled-water,Chick-fil-A,1901 Marketplace,Drinks,DASANI Bottled Water,1 bottle,2.79,0,0,0,0,0,,yes,"Grubhub campus ordering app (Cal Poly), screenshots 2026-10-05",chick-fil-a.com Nutrition & Allergens guide,2026-10-05,
chick-fil-a--chick-fil-a-sauce,Chick-fil-A,1901 Marketplace,Dipping Sauces,Chick-fil-A Sauce,1 packet,,140,140,0,6,13,,yes,,chick-fil-a.com Nutrition & Allergens guide,2026-10-05,Free with entrees.
chick-fil-a--polynesian-sauce,Chick-fil-A,1901 Marketplace,Dipping Sauces,Polynesian Sauce,1 packet,,110,110,0,14,6,,yes,,chick-fil-a.com Nutrition & Allergens guide,2026-10-05,Free with entrees.
chick-fil-a--honey-mustard-sauce,Chick-fil-A,1901 Marketplace,Dipping Sauces,Honey Mustard Sauce,1 packet,,50,45,0,11,0,,yes,,chick-fil-a.com Nutrition & Allergens guide,2026-10-05,Free with entrees.
chick-fil-a--garden-herb-ranch-sauce,Chick-fil-A,1901 Marketplace,Dipping Sauces,Garden Herb Ranch Sauce,1 packet,,100,140,0,1,11,,yes,,chick-fil-a.com Nutrition & Allergens guide,2026-10-05,Free with entrees.
chick-fil-a--barbeque-sauce,Chick-fil-A,1901 Marketplace,Dipping Sauces,Barbeque Sauce,1 packet,,45,45,0,11,0,,yes,,chick-fil-a.com Nutrition & Allergens guide,2026-10-05,Free with entrees.
chick-fil-a--zesty-buffalo-sauce,Chick-fil-A,1901 Marketplace,Dipping Sauces,Zesty Buffalo Sauce,1 packet,,25,25,0,1,2.5,,yes,,chick-fil-a.com Nutrition & Allergens guide,2026-10-05,Free with entrees.
chick-fil-a--honey-roasted-bbq-sauce,Chick-fil-A,1901 Marketplace,Dipping Sauces,Honey Roasted BBQ Sauce,1 packet,,60,60,0,3,5,,yes,,chick-fil-a.com Nutrition & Allergens guide,2026-10-05,Free with entrees.
taco-bell--burrito-supreme-beef,Taco Bell,Poly Canyon Village,Burritos,Burrito Supreme (Beef),1 burrito,6.19,390,,16,52,14,,yes,"Grubhub campus ordering app (Cal Poly), screenshots 2026-10-05",tacobell.com item nutrition labels + official Taco Bell Nutrition Calculator (updated 2026-10-05),2026-10-05,"Listed on Grubhub, not on Dine On Campus. Grubhub lists the beef version; Dine On Campus lists steak."
taco-bell--grilled-cheese-burrito,Taco Bell,Poly Canyon Village,Burritos,Grilled Cheese Burrito,1 burrito,6.19,690,,25,68,36,,yes,"Grubhub campus ordering app (Cal Poly), screenshots 2026-10-05",tacobell.com item nutrition labels + official Taco Bell Nutrition Calculator (updated 2026-10-05),2026-10-05,"Listed on Grubhub, not on Dine On Campus."
taco-bell--chalupa-supreme-beef,Taco Bell,Poly Canyon Village,Chalupas,Chalupa Supreme (Beef),1 chalupa,5.99,350,,12,32,20,,yes,"Grubhub campus ordering app (Cal Poly), screenshots 2026-10-05",tacobell.com item nutrition labels + official Taco Bell Nutrition Calculator (updated 2026-10-05),2026-10-05,"Listed on Grubhub, not on Dine On Campus. Grubhub lists the beef version; Dine On Campus lists chicken."
taco-bell--black-bean-chalupa-supreme,Taco Bell,Poly Canyon Village,Chalupas,Black Bean Chalupa Supreme,1 chalupa,5.99,340,,10,36,17,,yes,"Grubhub campus ordering app (Cal Poly), screenshots 2026-10-05",tacobell.com item nutrition labels + official Taco Bell Nutrition Calculator (updated 2026-10-05),2026-10-05,"Listed on Grubhub, not on Dine On Campus. Vegetarian"
taco-bell--cheesy-gordita-crunch,Taco Bell,Poly Canyon Village,Tacos,Cheesy Gordita Crunch,1 taco,5.99,480,,20,44,26,,yes,"Grubhub campus ordering app (Cal Poly), screenshots 2026-10-05",tacobell.com item nutrition labels + official Taco Bell Nutrition Calculator (updated 2026-10-05),2026-10-05,"Listed on Grubhub, not on Dine On Campus."
taco-bell--black-bean-crunchwrap-supreme,Taco Bell,Poly Canyon Village,Specialties,Black Bean Crunchwrap Supreme,1 crunchwrap,6.39,520,,13,78,17,,yes,"Grubhub campus ordering app (Cal Poly), screenshots 2026-10-05",tacobell.com item nutrition labels + official Taco Bell Nutrition Calculator (updated 2026-10-05),2026-10-05,"Listed on Grubhub, not on Dine On Campus. Vegetarian"
taco-bell--veggie-mexican-pizza,Taco Bell,Poly Canyon Village,Specialties,Veggie Mexican Pizza,1 order,6.29,460,,14,48,23,,yes,"Grubhub campus ordering app (Cal Poly), screenshots 2026-10-05",tacobell.com item nutrition labels + official Taco Bell Nutrition Calculator (updated 2026-10-05),2026-10-05,"Listed on Grubhub, not on Dine On Campus. Vegetarian"
taco-bell--chips-guacamole,Taco Bell,Poly Canyon Village,Nachos & Sides,Chips & Guacamole,1 order,4.19,,,,,,,yes,"Grubhub campus ordering app (Cal Poly), screenshots 2026-10-05","Cal Poly Dine On Campus menu (calories only), viewed 2026-10-05",2026-10-05,"Listed on Grubhub, not on Dine On Campus. Not in TB nutrition calculator."
taco-bell--side-of-nacho-cheese,Taco Bell,Poly Canyon Village,Nachos & Sides,Side of Nacho Cheese,1 side,1.0,,,,,,,yes,"Grubhub campus ordering app (Cal Poly), screenshots 2026-10-05","Cal Poly Dine On Campus menu (calories only), viewed 2026-10-05",2026-10-05,"Listed on Grubhub, not on Dine On Campus. Not in TB nutrition calculator."
subway--steak-philly-footlong,Subway,Poly Canyon Village; Kennedy Library (Dexter Bldg),Footlong Subs,Steak Philly (Footlong),"12-inch sub, standard recipe",13.99,1020,1020,56,86,50,,yes,"Grubhub campus ordering app (Cal Poly), screenshots 2026-10-05","Subway U.S. Nutrition Information PDF, October 2026",2026-10-05,Nutrition is 2x the 6-inch values per Subway's guide.
subway--sweet-onion-chicken-teriyaki-footlong,Subway,Poly Canyon Village; Kennedy Library (Dexter Bldg),Footlong Subs,Sweet Onion Chicken Teriyaki (Footlong),"12-inch sub, standard recipe",14.09,860,860,58,110,22,,yes,"Grubhub campus ordering app (Cal Poly), screenshots 2026-10-05","Subway U.S. Nutrition Information PDF, October 2026",2026-10-05,Nutrition is 2x the 6-inch values per Subway's guide.
subway--grilled-chicken-footlong,Subway,Poly Canyon Village; Kennedy Library (Dexter Bldg),Footlong Subs,Grilled Chicken (Footlong),"12-inch sub, standard recipe",13.19,1020,1020,62,86,48,,yes,"Grubhub campus ordering app (Cal Poly), screenshots 2026-10-05","Subway U.S. Nutrition Information PDF, October 2026",2026-10-05,Nutrition is 2x the 6-inch values per Subway's guide.
subway--b-m-t-footlong,Subway,Poly Canyon Village; Kennedy Library (Dexter Bldg),Footlong Subs,B.M.T. (Footlong),"12-inch sub, standard recipe",13.39,1180,1220,52,88,70,,yes,"Grubhub campus ordering app (Cal Poly), screenshots 2026-10-05","Subway U.S. Nutrition Information PDF, October 2026",2026-10-05,Nutrition is 2x the 6-inch values per Subway's guide.
subway--spicy-italian-footlong,Subway,Poly Canyon Village; Kennedy Library (Dexter Bldg),Footlong Subs,Spicy Italian (Footlong),"12-inch sub, standard recipe",13.19,1320,1360,52,88,86,,yes,"Grubhub campus ordering app (Cal Poly), screenshots 2026-10-05","Subway U.S. Nutrition Information PDF, October 2026",2026-10-05,Nutrition is 2x the 6-inch values per Subway's guide.
subway--5-meat-italian-footlong,Subway,Poly Canyon Village; Kennedy Library (Dexter Bldg),Footlong Subs,5 Meat Italian (Footlong),"12-inch sub, standard recipe",15.19,1320,1360,78,92,72,,yes,"Grubhub campus ordering app (Cal Poly), screenshots 2026-10-05","Subway U.S. Nutrition Information PDF, October 2026",2026-10-05,Nutrition is 2x the 6-inch values per Subway's guide.
subway--meatball-pepperoni-footlong,Subway,Poly Canyon Village; Kennedy Library (Dexter Bldg),Footlong Subs,Meatball Pepperoni (Footlong),"12-inch sub, standard recipe",14.09,1340,1380,64,112,74,,yes,"Grubhub campus ordering app (Cal Poly), screenshots 2026-10-05","Subway U.S. Nutrition Information PDF, October 2026",2026-10-05,Nutrition is 2x the 6-inch values per Subway's guide.
subway--cold-cut-combo-footlong,Subway,Poly Canyon Village; Kennedy Library (Dexter Bldg),Footlong Subs,Cold Cut Combo (Footlong),"12-inch sub, standard recipe",11.39,1040,1060,48,86,56,,yes,"Grubhub campus ordering app (Cal Poly), screenshots 2026-10-05","Subway U.S. Nutrition Information PDF, October 2026",2026-10-05,Nutrition is 2x the 6-inch values per Subway's guide.
subway--oven-roasted-turkey-footlong,Subway,Poly Canyon Village; Kennedy Library (Dexter Bldg),Footlong Subs,Oven-Roasted Turkey (Footlong),"12-inch sub, standard recipe",12.39,940,960,50,84,44,,yes,"Grubhub campus ordering app (Cal Poly), screenshots 2026-10-05","Subway U.S. Nutrition Information PDF, October 2026",2026-10-05,Nutrition is 2x the 6-inch values per Subway's guide.
subway--black-forest-ham-footlong,Subway,Poly Canyon Village; Kennedy Library (Dexter Bldg),Footlong Subs,Black Forest Ham (Footlong),"12-inch sub, standard recipe",11.39,960,980,50,88,44,,yes,"Grubhub campus ordering app (Cal Poly), screenshots 2026-10-05","Subway U.S. Nutrition Information PDF, October 2026",2026-10-05,Nutrition is 2x the 6-inch values per Subway's guide.
subway--roast-beef-footlong,Subway,Poly Canyon Village; Kennedy Library (Dexter Bldg),Footlong Subs,Roast Beef (Footlong),"12-inch sub, standard recipe",14.39,980,1000,60,88,44,,yes,"Grubhub campus ordering app (Cal Poly), screenshots 2026-10-05","Subway U.S. Nutrition Information PDF, October 2026",2026-10-05,Nutrition is 2x the 6-inch values per Subway's guide.
subway--tuna-footlong,Subway,Poly Canyon Village; Kennedy Library (Dexter Bldg),Footlong Subs,Tuna (Footlong),"12-inch sub, standard recipe",12.39,1120,1140,54,84,64,,yes,"Grubhub campus ordering app (Cal Poly), screenshots 2026-10-05","Subway U.S. Nutrition Information PDF, October 2026",2026-10-05,Nutrition is 2x the 6-inch values per Subway's guide.
subway--veggie-delite-footlong,Subway,Poly Canyon Village; Kennedy Library (Dexter Bldg),Footlong Subs,Veggie Delite (Footlong),"12-inch sub, standard recipe",11.39,620,640,32,80,20,,yes,"Grubhub campus ordering app (Cal Poly), screenshots 2026-10-05","Subway U.S. Nutrition Information PDF, October 2026",2026-10-05,Nutrition is 2x the 6-inch values per Subway's guide.
subway--all-american-club-footlong,Subway,Poly Canyon Village; Kennedy Library (Dexter Bldg),Footlong Subs,All American Club (Footlong),"12-inch sub, standard recipe",14.19,1080,1080,56,90,56,,yes,"Grubhub campus ordering app (Cal Poly), screenshots 2026-10-05","Subway U.S. Nutrition Information PDF, October 2026",2026-10-05,Nutrition is 2x the 6-inch values per Subway's guide.
subway--subway-club-footlong,Subway,Poly Canyon Village; Kennedy Library (Dexter Bldg),Footlong Subs,Subway Club (Footlong),"12-inch sub, standard recipe",14.39,1000,1000,62,86,46,,yes,"Grubhub campus ordering app (Cal Poly), screenshots 2026-10-05","Subway U.S. Nutrition Information PDF, October 2026",2026-10-05,Nutrition is 2x the 6-inch values per Subway's guide.
chick-fil-a--chick-fil-a-chicken-biscuit,Chick-fil-A,1901 Marketplace,Breakfast,Chick-fil-A Chicken Biscuit,1 biscuit,4.65,460,460,19,45,23,,yes,"Grubhub campus ordering app (Cal Poly), screenshots 2026-10-05",chick-fil-a.com Nutrition & Allergens guide,2026-10-05,"Listed on Grubhub, not on the Dine On Campus list."
chick-fil-a--chicken-and-waffles-breakfast-sandwich,Chick-fil-A,1901 Marketplace,Breakfast,Chicken and Waffles Breakfast Sandwich,1 sandwich,6.65,530,,22,55,26,,yes,"Grubhub campus ordering app (Cal Poly), screenshots 2026-10-05",chick-fil-a.com Nutrition & Allergens guide,2026-10-05,"Listed on Grubhub, not on the Dine On Campus list. Grubhub charges $10.35 for the lunch version."
chick-fil-a--egg-white-grill,Chick-fil-A,1901 Marketplace,Breakfast,Egg White Grill,1 sandwich,6.15,300,300,27,29,8,,yes,"Grubhub campus ordering app (Cal Poly), screenshots 2026-10-05",chick-fil-a.com Nutrition & Allergens guide,2026-10-05,"Listed on Grubhub, not on the Dine On Campus list."
chick-fil-a--hash-brown-scramble-bowl,Chick-fil-A,1901 Marketplace,Breakfast,Hash Brown Scramble Bowl,1 bowl,4.75,470,,29,19,30,,yes,"Grubhub campus ordering app (Cal Poly), screenshots 2026-10-05",chick-fil-a.com Nutrition & Allergens guide,2026-10-05,"Listed on Grubhub, not on the Dine On Campus list."
chick-fil-a--hash-brown-scramble-burrito,Chick-fil-A,1901 Marketplace,Breakfast,Hash Brown Scramble Burrito,1 burrito,4.75,700,,34,51,40,,yes,"Grubhub campus ordering app (Cal Poly), screenshots 2026-10-05",chick-fil-a.com Nutrition & Allergens guide,2026-10-05,"Listed on Grubhub, not on the Dine On Campus list."
chick-fil-a--chicken-egg-cheese-muffin,Chick-fil-A,1901 Marketplace,Breakfast,"Chicken, Egg & Cheese Muffin",1 muffin,5.95,410,410,27,36,18,,yes,"Grubhub campus ordering app (Cal Poly), screenshots 2026-10-05",chick-fil-a.com Nutrition & Allergens guide,2026-10-05,"Listed on Grubhub, not on the Dine On Campus list."
chick-fil-a--sausage-egg-cheese-muffin,Chick-fil-A,1901 Marketplace,Breakfast,"Sausage, Egg & Cheese Muffin",1 muffin,5.39,490,490,23,29,32,,yes,"Grubhub campus ordering app (Cal Poly), screenshots 2026-10-05",chick-fil-a.com Nutrition & Allergens guide,2026-10-05,"Listed on Grubhub, not on the Dine On Campus list."
chick-fil-a--bacon-egg-cheese-muffin,Chick-fil-A,1901 Marketplace,Breakfast,"Bacon, Egg & Cheese Muffin",1 muffin,5.39,300,300,16,28,13,,yes,"Grubhub campus ordering app (Cal Poly), screenshots 2026-10-05",chick-fil-a.com Nutrition & Allergens guide,2026-10-05,"Listed on Grubhub, not on the Dine On Campus list."
chick-fil-a--breakfast-waffle,Chick-fil-A,1901 Marketplace,Breakfast,Breakfast Waffle,1 waffle,2.09,320,260,4,46,15,,yes,"Grubhub campus ordering app (Cal Poly), screenshots 2026-10-05",chick-fil-a.com Nutrition & Allergens guide,2026-10-05,"Listed on Grubhub, not on the Dine On Campus list."
chick-fil-a--english-muffin,Chick-fil-A,1901 Marketplace,Breakfast,English Muffin,1 muffin,2.19,200,140,5,43,1,,yes,"Grubhub campus ordering app (Cal Poly), screenshots 2026-10-05",chick-fil-a.com Nutrition & Allergens guide,2026-10-05,"Listed on Grubhub, not on the Dine On Campus list."
chick-fil-a--mini-yeast-rolls-4-ct,Chick-fil-A,1901 Marketplace,Breakfast,Mini Yeast Rolls (4 ct),4 rolls,2.59,300,240,6,52,8,,yes,"Grubhub campus ordering app (Cal Poly), screenshots 2026-10-05",chick-fil-a.com Nutrition & Allergens guide,2026-10-05,"Listed on Grubhub, not on the Dine On Campus list."
chick-fil-a--berry-parfait-with-cookie-crumbs,Chick-fil-A,1901 Marketplace,Breakfast,Berry Parfait with Cookie Crumbs,1 parfait,5.59,240,240,12,31,8,,yes,"Grubhub campus ordering app (Cal Poly), screenshots 2026-10-05",chick-fil-a.com Nutrition & Allergens guide,2026-10-05,"Listed on Grubhub, not on the Dine On Campus list."
chick-fil-a--simply-orange-juice,Chick-fil-A,1901 Marketplace,Drinks,Simply Orange Juice,1 bottle,3.69,160,160,2,34,0,,yes,"Grubhub campus ordering app (Cal Poly), screenshots 2026-10-05",chick-fil-a.com Nutrition & Allergens guide,2026-10-05,"Listed on Grubhub, not on the Dine On Campus list."
chick-fil-a--1-chocolate-milk,Chick-fil-A,1901 Marketplace,Drinks,1% Chocolate Milk,1 bottle,2.29,140,170,7,23,2,,yes,"Grubhub campus ordering app (Cal Poly), screenshots 2026-10-05",chick-fil-a.com Nutrition & Allergens guide,2026-10-05,"Listed on Grubhub, not on the Dine On Campus list."
chick-fil-a--iced-coffee,Chick-fil-A,1901 Marketplace,Drinks,Iced Coffee,1 drink,4.69,200,,7,34,4,,yes,"Grubhub campus ordering app (Cal Poly), screenshots 2026-10-05",chick-fil-a.com Nutrition & Allergens guide,2026-10-05,"Listed on Grubhub, not on the Dine On Campus list."
chick-fil-a--toasted-marshmallow-iced-coffee,Chick-fil-A,1901 Marketplace,Drinks,Toasted Marshmallow Iced Coffee,1 drink,5.09,270,270,7,50,4,,yes,"Grubhub campus ordering app (Cal Poly), screenshots 2026-10-05",chick-fil-a.com Nutrition & Allergens guide,2026-10-05,"Listed on Grubhub, not on the Dine On Campus list."
chick-fil-a--pineapple-dragonfruit-lemonade,Chick-fil-A,1901 Marketplace,Drinks,Pineapple Dragonfruit Lemonade,1 drink,4.19,290,,0,72,0,,yes,"Grubhub campus ordering app (Cal Poly), screenshots 2026-10-05",chick-fil-a.com Nutrition & Allergens guide,2026-10-05,"Listed on Grubhub, not on the Dine On Campus list."
chick-fil-a--pineapple-dragonfruit-diet-lemonade,Chick-fil-A,1901 Marketplace,Drinks,Pineapple Dragonfruit Diet Lemonade,1 drink,4.19,90,,0,21,0,,yes,"Grubhub campus ordering app (Cal Poly), screenshots 2026-10-05",chick-fil-a.com Nutrition & Allergens guide,2026-10-05,"Listed on Grubhub, not on the Dine On Campus list."
chick-fil-a--pineapple-dragonfruit-iced-tea,Chick-fil-A,1901 Marketplace,Drinks,Pineapple Dragonfruit Iced Tea,1 drink,3.69,150,,0,37,0,,yes,"Grubhub campus ordering app (Cal Poly), screenshots 2026-10-05",chick-fil-a.com Nutrition & Allergens guide,2026-10-05,"Listed on Grubhub, not on the Dine On Campus list."
chick-fil-a--pineapple-dragonfruit-sunjoy,Chick-fil-A,1901 Marketplace,Drinks,Pineapple Dragonfruit Sunjoy,1 drink,4.19,240,,0,59,0,,yes,"Grubhub campus ordering app (Cal Poly), screenshots 2026-10-05",chick-fil-a.com Nutrition & Allergens guide,2026-10-05,"Listed on Grubhub, not on the Dine On Campus list."
chick-fil-a--pineapple-dragonfruit-sprite,Chick-fil-A,1901 Marketplace,Drinks,Pineapple Dragonfruit Sprite,1 drink,3.69,190,,0,50,0,,yes,"Grubhub campus ordering app (Cal Poly), screenshots 2026-10-05",chick-fil-a.com Nutrition & Allergens guide,2026-10-05,"Listed on Grubhub, not on the Dine On Campus list."
chick-fil-a--mac-cheese-medium,Chick-fil-A,1901 Marketplace,Sides,Mac & Cheese (Medium),medium,3.99,450,450,20,28,29,,yes,"Grubhub campus ordering app (Cal Poly), screenshots 2026-10-05",chick-fil-a.com Nutrition & Allergens guide,2026-10-05,Listed on Grubhub.
chick-fil-a--chocolate-chunk-cookie,Chick-fil-A,1901 Marketplace,Desserts,Chocolate Chunk Cookie,1 cookie,2.09,370,,5,49,17,,yes,"Grubhub campus ordering app (Cal Poly), screenshots 2026-10-05",chick-fil-a.com Nutrition & Allergens guide,2026-10-05,Listed on Grubhub.
chick-fil-a--s-mores-milkshake,Chick-fil-A,1901 Marketplace,Desserts,S'mores Milkshake,1 shake,6.05,650,650,12,109,19,,yes,"Grubhub campus ordering app (Cal Poly), screenshots 2026-10-05",chick-fil-a.com Nutrition & Allergens guide,2026-10-05,Listed on Grubhub.
chick-fil-a--s-mores-frosted-coffee,Chick-fil-A,1901 Marketplace,Desserts,S'mores Frosted Coffee,1 drink,5.95,400,400,7,77,8,,yes,"Grubhub campus ordering app (Cal Poly), screenshots 2026-10-05",chick-fil-a.com Nutrition & Allergens guide,2026-10-05,Listed on Grubhub.
chick-fil-a--float,Chick-fil-A,1901 Marketplace,Desserts,Float,1 drink,5.15,320,,7,60,7,,yes,"Grubhub campus ordering app (Cal Poly), screenshots 2026-10-05",chick-fil-a.com Nutrition & Allergens guide,2026-10-05,Listed on Grubhub.
chick-fil-a--frosted-soda,Chick-fil-A,1901 Marketplace,Desserts,Frosted Soda,1 drink,5.15,320,,7,60,7,,yes,"Grubhub campus ordering app (Cal Poly), screenshots 2026-10-05",chick-fil-a.com Nutrition & Allergens guide,2026-10-05,Listed on Grubhub.
chick-fil-a--diet-frosted-lemonade,Chick-fil-A,1901 Marketplace,Desserts,Diet Frosted Lemonade,1 drink,5.34,280,,7,50,7,,yes,"Grubhub campus ordering app (Cal Poly), screenshots 2026-10-05",chick-fil-a.com Nutrition & Allergens guide,2026-10-05,Listed on Grubhub.
chick-fil-a--pineapple-dragonfruit-frosted-lemonade,Chick-fil-A,1901 Marketplace,Desserts,Pineapple Dragonfruit Frosted Lemonade,1 drink,5.95,360,,7,70,7,,yes,"Grubhub campus ordering app (Cal Poly), screenshots 2026-10-05",chick-fil-a.com Nutrition & Allergens guide,2026-10-05,Listed on Grubhub.
