restaurant,combo,description,bases,entrees,price_usd,source
Panda Express,Bowl,1 base + 1 entree,1,1,9.4,"Grubhub campus ordering app (Cal Poly), screenshots 2026-10-05"
Panda Express,Plate,1 base + 2 entrees,1,2,11.3,"Grubhub campus ordering app (Cal Poly), screenshots 2026-10-05"
Panda Express,Bigger Plate,1 base + 3 entrees (in person only),1,3,13.3,"pandaexpress.com online menu, Foothill & Broad SLO store (campus store has no online ordering; Mustang News reports campus menu and pricing match regular Panda)"
Panda Express,#1 Plate,"Fried Rice + Chow Mein, Orange Chicken, Broccoli Beef",1,2,11.3,"Grubhub campus ordering app (Cal Poly), screenshots 2026-10-05"
Panda Express,#2 Plate,"Fried Rice + Chow Mein, Orange Chicken, Kung Pao Chicken",1,2,11.3,"Grubhub campus ordering app (Cal Poly), screenshots 2026-10-05"
Panda Express,#3 Plate,"Fried Rice + Chow Mein, Orange Chicken, Teriyaki Chicken",1,2,11.3,"Grubhub campus ordering app (Cal Poly), screenshots 2026-10-05"
Panda Express,#4 Plate,"Fried Rice + Chow Mein, Orange Chicken (as listed)",1,2,11.3,"Grubhub campus ordering app (Cal Poly), screenshots 2026-10-05"
Panda Express,#5 Plate,"Fried Rice + Chow Mein, Orange Chicken, Honey Walnut Shrimp",1,2,12.8,"Grubhub campus ordering app (Cal Poly), screenshots 2026-10-05"
Panda Express,#6 Plate,"White Steamed Rice + Super Greens, double Teriyaki Chicken",1,2,11.3,"Grubhub campus ordering app (Cal Poly), screenshots 2026-10-05"
Taco Bell,3 Crunchy Taco Combo,Includes a drink; see Grubhub item details for exact contents,,,9.19,"Grubhub campus ordering app (Cal Poly), screenshots 2026-10-05"
Taco Bell,3 Crunchy Taco Supreme Combo,Includes a drink; see Grubhub item details for exact contents,,,11.49,"Grubhub campus ordering app (Cal Poly), screenshots 2026-10-05"
Taco Bell,Chicken Quesadilla Combo,Includes a drink; see Grubhub item details for exact contents,,,10.99,"Grubhub campus ordering app (Cal Poly), screenshots 2026-10-05"
Taco Bell,3 Soft Taco Combo,Includes a drink; see Grubhub item details for exact contents,,,9.19,"Grubhub campus ordering app (Cal Poly), screenshots 2026-10-05"
Taco Bell,3 Soft Taco Supreme Combo,Includes a drink; see Grubhub item details for exact contents,,,11.49,"Grubhub campus ordering app (Cal Poly), screenshots 2026-10-05"
Taco Bell,3 Doritos Locos Tacos Combo,Includes a drink; see Grubhub item details for exact contents,,,11.19,"Grubhub campus ordering app (Cal Poly), screenshots 2026-10-05"
Taco Bell,3 Doritos Locos Tacos Supreme Combo,Includes a drink; see Grubhub item details for exact contents,,,12.69,"Grubhub campus ordering app (Cal Poly), screenshots 2026-10-05"
Taco Bell,Crunchwrap Supreme Combo,Includes a drink; see Grubhub item details for exact contents,,,10.79,"Grubhub campus ordering app (Cal Poly), screenshots 2026-10-05"
Taco Bell,Burrito Supreme Combo,Includes a drink; see Grubhub item details for exact contents,,,11.09,"Grubhub campus ordering app (Cal Poly), screenshots 2026-10-05"
Taco Bell,2 Chicken Chalupas Supreme Combo,Includes a drink; see Grubhub item details for exact contents,,,13.49,"Grubhub campus ordering app (Cal Poly), screenshots 2026-10-05"
Chick-fil-A,Chicken and Waffles Breakfast Sandwich Meal,Breakfast meal: entree + side + drink,,,10.59,"Grubhub campus ordering app (Cal Poly), screenshots 2026-10-05"
Chick-fil-A,Chick-fil-A Chicken Biscuit Meal,Breakfast meal: entree + side + drink,,,8.69,"Grubhub campus ordering app (Cal Poly), screenshots 2026-10-05"
Chick-fil-A,Spicy Chicken Biscuit Meal,Breakfast meal: entree + side + drink,,,8.99,"Grubhub campus ordering app (Cal Poly), screenshots 2026-10-05"
Chick-fil-A,Hash Brown Scramble Burrito Meal,Breakfast meal: entree + side + drink,,,8.79,"Grubhub campus ordering app (Cal Poly), screenshots 2026-10-05"
Chick-fil-A,Hash Brown Scramble Bowl Meal,Breakfast meal: entree + side + drink,,,8.29,"Grubhub campus ordering app (Cal Poly), screenshots 2026-10-05"
Chick-fil-A,Chick-n-Minis Meal,Breakfast meal: entree + side + drink,,,9.95,"Grubhub campus ordering app (Cal Poly), screenshots 2026-10-05"
Chick-fil-A,Egg White Grill Meal,Breakfast meal: entree + side + drink,,,10.19,"Grubhub campus ordering app (Cal Poly), screenshots 2026-10-05"
Chick-fil-A,"Chicken, Egg & Cheese Muffin Meal",Breakfast meal: entree + side + drink,,,9.99,"Grubhub campus ordering app (Cal Poly), screenshots 2026-10-05"
Chick-fil-A,"Bacon, Egg & Cheese Muffin Meal",Breakfast meal: entree + side + drink,,,9.45,"Grubhub campus ordering app (Cal Poly), screenshots 2026-10-05"
Chick-fil-A,"Sausage, Egg & Cheese Muffin Meal",Breakfast meal: entree + side + drink,,,9.45,"Grubhub campus ordering app (Cal Poly), screenshots 2026-10-05"
Chick-fil-A,"Bacon, Egg & Cheese Biscuit Meal",Breakfast meal: entree + side + drink,,,9.35,"Grubhub campus ordering app (Cal Poly), screenshots 2026-10-05"
Chick-fil-A,"Chicken, Egg & Cheese Biscuit Meal",Breakfast meal: entree + side + drink,,,9.35,"Grubhub campus ordering app (Cal Poly), screenshots 2026-10-05"
Chick-fil-A,"Sausage, Egg & Cheese Biscuit Meal",Breakfast meal: entree + side + drink,,,9.35,"Grubhub campus ordering app (Cal Poly), screenshots 2026-10-05"
Chick-fil-A,Chicken and Waffles Sandwich Meal,Lunch meal: entree + side + drink,,,15.39,"Grubhub campus ordering app (Cal Poly), screenshots 2026-10-05"
Chick-fil-A,Chick-fil-A Chicken Sandwich Meal,Lunch meal: entree + side + drink,,,11.55,"Grubhub campus ordering app (Cal Poly), screenshots 2026-10-05"
Chick-fil-A,Chick-fil-A Deluxe Sandwich Meal,Lunch meal: entree + side + drink,,,12.45,"Grubhub campus ordering app (Cal Poly), screenshots 2026-10-05"
Chick-fil-A,Spicy Chicken Deluxe Sandwich Meal,Lunch meal: entree + side + drink,,,12.99,"Grubhub campus ordering app (Cal Poly), screenshots 2026-10-05"
Chick-fil-A,Spicy Chicken Sandwich Meal,Lunch meal: entree + side + drink,,,12.09,"Grubhub campus ordering app (Cal Poly), screenshots 2026-10-05"
Chick-fil-A,Grilled Chicken Club Sandwich Meal,Lunch meal: entree + side + drink,,,15.49,"Grubhub campus ordering app (Cal Poly), screenshots 2026-10-05"
Chick-fil-A,Grilled Chicken Sandwich Meal,Lunch meal: entree + side + drink,,,13.09,"Grubhub campus ordering app (Cal Poly), screenshots 2026-10-05"
Chick-fil-A,Chick-fil-A Nuggets Meal,Lunch meal: entree + side + drink,,,11.65,"Grubhub campus ordering app (Cal Poly), screenshots 2026-10-05"
Chick-fil-A,Grilled Nuggets Meal,Lunch meal: entree + side + drink,,,12.45,"Grubhub campus ordering app (Cal Poly), screenshots 2026-10-05"
